question,answer
* Which materials are in the dataset?,"The materials in the dataset include MoS2, WSe2, hBN, GaSe, InSe, and black phosphorous."
* How many structures are there in the dataset?,"The dataset contains a total of 14,866 structures, with each structure having 120-192 atoms."
* How to obtain the dataset?,"The datasets analyzed in the study can be obtained from the following link: https://research.constructor.tech/p/2d-defects-prediction. Alternatively, you can clone the repository and download the datasets using DVC by following the instructions provided in the dataset availability section. Additionally, the dataset can be accessed at https://research.constructor.tech/p/2d-defects-prediction."
* What is the dataset license?,"The dataset is licensed under a Creative Commons Attribution 4.0 International License, allowing use, sharing, distribution, and reproduction with appropriate credit to the original authors."
* What is the data format?,"The data format of the dataset is in CSV format, specifically compressed as defects.csv.gz. It includes columns such as _id, descriptor_id, energy, energy_per_atom, fermi_level, homo, and lumo, providing information on defect properties in a structured manner."
* How to read the dataset?,"To access and read the dataset, you can visit the link provided at https://research.constructor.tech/p/2d-defects-prediction. The dataset can be downloaded from the website for further analysis and exploration. To read the dataset, the raw VASP output is first converted into CSV or CIF formats, then into a platform-specific pickle storage for efficient access. This process involves extracting computed energy and HOMO-LUMO gap values, saving unrelaxed structures uniformly, and preprocessing target values like formation energy per site."
* How to browse the dataset?,"The dataset can be browsed and explored by downloading the files from the provided link at https://research.constructor.tech/p/2d-defects-prediction. Once downloaded, you can use data analysis tools or programming languages like Python with libraries such as Pandas or Excel, Google Sheets, or any text editor that can handle CSV files. Simply open the defects.csv.gz file in one of these tools to view the data in a tabular format, allowing you to explore the defect properties stored in the dataset."
* Can I work with the dataset without Python?,"Yes, you can work with the dataset without Python by using spreadsheet software like Microsoft Excel or Google Sheets to open and explore the CSV file containing the dataset information. Additionally, you can use text editors or data analysis tools that support CSV file formats to work with the dataset."
* How to obtain the raw VASP files?,"To obtain the raw VASP files, follow these steps:

1. Clone the repository where the dataset is hosted.
2. Ensure that DVC with S3 support is installed on your system by running `pip install dvc[s3]`.
3. Use the command `dvc pull -R datasets/raw_vasp/high_density_defects datasets/raw_vasp/dichalcogenides8x8_vasp_nus_202110` to download the VASP output files.

This process will download the necessary files from the dataset, which include the raw VASP output."
* What were the settings used for the DFT computations?,"The settings used for the DFT computations included the PBE functional, a plane-wave energy cutoff of 500 eV, and a vacuum space of at least 15 Ã… to avoid interaction between neighboring layers. The Brillouin zone was sampled using Î“-point only Monkhorst-Pack grid for structural relaxation, and the atomic coordinates were allowed to relax until forces on all atoms were less than 0.01 eV/Ã…. The initial crystal structures were obtained from the Material Project database."
* How well the DFT calculations correspond to experiment?,"The provided context does not specifically address the accuracy of the DFT calculations in comparison to experimental results. Generally, the accuracy of DFT calculations in predicting material properties can vary depending on the system under study and the specific DFT method and parameters used. While DFT is widely used for its balance of computational efficiency and predictive capability, discrepancies between DFT predictions and experimental outcomes can occur, especially for complex material behaviors or when subtle electronic effects are important."
* How to cite the dataset?,"To cite the dataset, you can use the provided link to access the dataset and include the relevant publication details. Additionally, you can cite the dataset by referring to the original research article where the dataset was introduced."
* What was the procedure for SRGNN quality evaluation?,"The procedure for SRGNN quality evaluation involved splitting the dataset into train, validation, and test sets, using random search for hyperparameter optimization, and selecting the best-performing configuration based on validation results. The final model was trained on the combination of train and validation sets and evaluated on the test set, with 12 repetitions to estimate random initialization effects. Weighted mean absolute error was used as the quality metric during both training and evaluation to account for material class imbalance."
* How is SRGNN different from the baselines?,"SRGNN differs from the baseline models by incorporating a sparse representation that focuses on graph nodes corresponding to point defects rather than all atoms in a structure. It also includes increased thresholds for connecting nodes with edges and additional attributes in both node and edge features, such as atomic numbers, Euclidean distances, EOS index, EOS parity index, and Z plane distances. These enhancements enable SRGNN to capture more specific and relevant information related to point defects in materials structures, leading to improved predictive performance compared to the baseline models."
* What are the limitations of SRGNN?,The limitations of SRGNN are not explicitly mentioned in the provided context. 
* What is the core idea of SRGNN?,"The core idea of SRGNN is to enhance the prediction quality of properties for 2D materials with defects by incorporating a sparse representation into a graph neural network framework, such as MEGNet, to predict the properties of crystals blended with defects, substitutions, and vacancies. By focusing on point defects as graph nodes and including specific attributes related to atomic numbers and distances between defects, SRGNN aims to provide a more efficient and accurate way to predict the properties of such materials compared to traditional methods. "
* How to run the code?,"To run the code based on the provided context, follow these general steps:

1. **Set up the environment**:
   - Refer to `ENVIRONMENT.md` for instructions on setting up the necessary environment. This may involve installing specific software, libraries, or dependencies.

2. **Install DVC with S3 support**:
   - Ensure you have DVC installed with support for S3 storage by running `pip install dvc[s3]`. This is necessary for data version control and accessing the dataset stored in S3.

3. **Clone the repository**:
   - Clone the repository where the code and dataset are hosted to your local machine.  https://github.com/HSE-LAMBDA/ai4material_design. Additionally, you can run the code online at https://research.constructor.tech/p/2d-defects-prediction.

4. **Download the dataset**:
   - Use DVC commands to pull the dataset from the repository. If the dataset is hosted on an external platform like the Constructor Research Platform, you may need to download it directly from there.

5. **Run the notebook for model inference**:
   - Open the provided notebook that demonstrates how to use the pre-trained models for predictions. This notebook will likely guide you through loading the dataset, making predictions, and possibly evaluating the model's performance.

Remember, these steps are based on common practices and the specific instructions provided in the context. Adjustments might be needed depending on the exact setup of the repository and the environment. "
* Which frameworks were used for SRGNN implementation?,"The SRGNN model was implemented using the PyTorch, PyTorch Geometric, MEGNet  frameworks for graph neural networks. Additionally,  the codebase utilized Python libraries such as  NumPy and Pandas for data manipulation and handling."
"* Can SRGNN be developed on a CPU, not a GPU?","Yes, SRGNN can be developed and trained on a CPU without the need for a GPU, although training times may be longer compared to using GPU acceleration. The PyTorch framework allows for CPU-based computations, enabling the development and testing of SRGNN models on machines without dedicated GPU hardware."
* What is the code license?,"The code used for the SRGNN implementation is available under the Apache License 2.0, which permits users to modify, distribute, and use the code for commercial and non-commercial purposes with proper attribution and compliance with the license terms."
* How to cite the code?,"To cite the code for the SRGNN model, you can reference the GitHub repository where the code is hosted. Include the authors (if available), title of the repository, URL link to the repository, and the date you accessed the code. Additionally, you can specify the commit version or release number if applicable for accurate citation."
* Which materials has the SRGNN been trained on?,"The SRGNN has been trained on a dataset containing defect properties of 2D materials such as MoS2, WSe2, hBN, GaSe, InSe, and black phosphorous. These materials were used to train the SRGNN model for predicting the properties of crystals with defects, substitutions, and vacancies."
* Which materials can the SRGNN be trained on?,"The SRGNN can be trained on a variety of atomistic structures beyond the specific materials mentioned, as it is designed to handle any atomistic structures with defects, substitutions, and vacancies. This flexibility allows the SRGNN to be applied to a wide range of materials beyond the initial training set, making it a versatile model for predicting properties in diverse crystal structures."
* Which defect types can the SRGNN be trained on?,"SRGNN can be trained on various defect types present in materials structures, including substitution defects, vacancies, and other point defects. The sparse representation approach used in SRGNN focuses on capturing information specific to these defect types, enabling the model to effectively predict properties associated with different types of defects in materials. The use of sparse representation combined with graph neural network architectures like MEGNet enhances the prediction quality for crystals with defects."
* How many structures are needed for SRGNN training?,"SRGNN typically requires a dataset containing a significant number of structures with defects for training to effectively learn the properties and characteristics of different defect types. The dataset used in the study consisted of 14,866 defect structures, each with 120-192 atoms, to train the SRGNN model successfully."
* Can SRGNN handle 3D materials?,"SRGNN is specifically designed and optimized for 2D materials and their defect structures. While the model architecture and sparse representation approach may be adaptable to 3D materials, SRGNN's primary focus and training have been on predicting properties of defects in 2D materials. Additional adaptations and modifications would likely be needed to apply SRGNN effectively to 3D materials and their defect predictions."
* How much computational resources does SRGNN require for training?,"Training a Sparse Representation Graph Neural Network (SRGNN) requires In terms of computation time, when trained on a Tesla V100 GPU, MegNet with sparse representation took 45 minute."
* What is the inference speed of a SRGNN?,"The inference speed of SRGNN, once trained, can be relatively fast for predicting properties of new defect configurations in 2D materials. The exact inference speed may depend on the complexity of the model, the hardware used for inference (CPU or GPU), and the specific properties being predicted."
* Which properties can be predicted using SRGNN?,"Formation energy per site and HOMO–LUMO gap. The model is designed to handle predictions of these properties in atomistic structures, making it versatile for applications in material science and defect engineering."
* What was the quality of SRGNN for each property and material?,"The quality of SRGNN for predicting properties such as energy, energy per atom, Fermi level, HOMO, and LUMO varied across different materials in the dataset. The model demonstrated high accuracy and transferability for a wide range of defect concentrations in the various 2D materials studied, showcasing its effectiveness in predicting defect properties in crystals with defects."
* Can pre-trained SRGNN be used out-of-the-box?,"Yes, a pre-trained SRGNN model can be used out-of-the-box for predicting properties of crystals with defects without the need for retraining. The pre-trained model can be directly applied to new datasets or materials to make predictions on defect properties, providing a convenient and efficient way to leverage the model for various applications in material design and defect engineering."
* How well do SRGNN results correspond to experiment?,"The correspondence between SRGNN results and experimental data can vary depending on the specific properties and materials being studied. While SRGNN has shown high accuracy and transferability for predicting defect properties in 2D materials, experimental validation is essential to confirm the accuracy of the predictions and ensure alignment with real-world observations."
* Can I use SRGNN in place of DFT?,"No, SRGNN can provide accurate predictions for defect properties in materials structures, but it is not a replacement for DFT (Density Functional Theory) calculations. While SRGNN offers computational efficiency and predictive capabilities comparable to DFT, it may not capture all the nuances and details provided by quantum mechanical methods like DFT. Therefore, SRGNN can be used as a complement to DFT for faster screening and initial predictions of defect properties in materials."
* How can I use SRGNN to find materials for solar panels/transistors/photodetectors/single photon emitters/quantum computers?,"SRGNN can be used to predict properties of materials relevant to solar panels, transistors, photodetectors, single photon emitters, and quantum computers by training the model on datasets containing defect properties of materials used in these applications. By leveraging SRGNN's ability to predict properties in crystals with defects, substitutions, and vacancies, researchers can identify materials with desired characteristics for specific applications in material science and device engineering."
* Is SRGNN patented?,The patent status of SRGNN was not specified in the provided context.